,Name,Class
0,Ambassel1.wav,Ambassel
1,Ambassel10.wav,Ambassel
2,Ambassel100.wav,Ambassel
3,Ambassel101.wav,Ambassel
4,Ambassel102.wav,Ambassel
5,Ambassel103.wav,Ambassel
6,Ambassel104.wav,Ambassel
7,Ambassel105.wav,Ambassel
8,Ambassel106.wav,Ambassel
9,Ambassel107.wav,Ambassel
10,Ambassel108.wav,Ambassel
11,Ambassel109.wav,Ambassel
12,Ambassel11.wav,Ambassel
13,Ambassel110.wav,Ambassel
14,Ambassel111.wav,Ambassel
15,Ambassel112.wav,Ambassel
16,Ambassel113.wav,Ambassel
17,Ambassel114.wav,Ambassel
18,Ambassel115.wav,Ambassel
19,Ambassel116.wav,Ambassel
20,Ambassel117.wav,Ambassel
21,Ambassel118.wav,Ambassel
22,Ambassel119.wav,Ambassel
23,Ambassel12.wav,Ambassel
24,Ambassel120.wav,Ambassel
25,Ambassel121.wav,Ambassel
26,Ambassel122.wav,Ambassel
27,Ambassel123.wav,Ambassel
28,Ambassel124.wav,Ambassel
29,Ambassel125.wav,Ambassel
30,Ambassel126.wav,Ambassel
31,Ambassel127.wav,Ambassel
32,Ambassel128.wav,Ambassel
33,Ambassel129.wav,Ambassel
34,Ambassel13.wav,Ambassel
35,Ambassel130.wav,Ambassel
36,Ambassel131.wav,Ambassel
37,Ambassel132.wav,Ambassel
38,Ambassel133.wav,Ambassel
39,Ambassel134.wav,Ambassel
40,Ambassel135.wav,Ambassel
41,Ambassel136.wav,Ambassel
42,Ambassel137.wav,Ambassel
43,Ambassel138.wav,Ambassel
44,Ambassel139.wav,Ambassel
45,Ambassel14.wav,Ambassel
46,Ambassel140.wav,Ambassel
47,Ambassel141.wav,Ambassel
48,Ambassel142.wav,Ambassel
49,Ambassel143.wav,Ambassel
50,Ambassel144.wav,Ambassel
51,Ambassel145.wav,Ambassel
52,Ambassel146.wav,Ambassel
53,Ambassel147.wav,Ambassel
54,Ambassel15.wav,Ambassel
55,Ambassel16.wav,Ambassel
56,Ambassel17.wav,Ambassel
57,Ambassel18.wav,Ambassel
58,Ambassel19.wav,Ambassel
59,Ambassel2.wav,Ambassel
60,Ambassel20.wav,Ambassel
61,Ambassel21.wav,Ambassel
62,Ambassel22.wav,Ambassel
63,Ambassel23.wav,Ambassel
64,Ambassel24.wav,Ambassel
65,Ambassel25.wav,Ambassel
66,Ambassel26.wav,Ambassel
67,Ambassel27.wav,Ambassel
68,Ambassel28.wav,Ambassel
69,Ambassel29.wav,Ambassel
70,Ambassel3.wav,Ambassel
71,Ambassel30.wav,Ambassel
72,Ambassel31.wav,Ambassel
73,Ambassel32.wav,Ambassel
74,Ambassel33.wav,Ambassel
75,Ambassel34.wav,Ambassel
76,Ambassel35.wav,Ambassel
77,Ambassel36.wav,Ambassel
78,Ambassel37.wav,Ambassel
79,Ambassel38.wav,Ambassel
80,Ambassel39.wav,Ambassel
81,Ambassel4.wav,Ambassel
82,Ambassel40.wav,Ambassel
83,Ambassel41.wav,Ambassel
84,Ambassel42.wav,Ambassel
85,Ambassel43.wav,Ambassel
86,Ambassel44.wav,Ambassel
87,Ambassel45.wav,Ambassel
88,Ambassel46.wav,Ambassel
89,Ambassel47.wav,Ambassel
90,Ambassel48.wav,Ambassel
91,Ambassel49.wav,Ambassel
92,Ambassel5.wav,Ambassel
93,Ambassel50.wav,Ambassel
94,Ambassel51.wav,Ambassel
95,Ambassel52.wav,Ambassel
96,Ambassel53.wav,Ambassel
97,Ambassel54.wav,Ambassel
98,Ambassel55.wav,Ambassel
99,Ambassel56.wav,Ambassel
100,Ambassel57.wav,Ambassel
101,Ambassel58.wav,Ambassel
102,Ambassel59.wav,Ambassel
103,Ambassel6.wav,Ambassel
104,Ambassel60.wav,Ambassel
105,Ambassel61.wav,Ambassel
106,Ambassel62.wav,Ambassel
107,Ambassel63.wav,Ambassel
108,Ambassel64.wav,Ambassel
109,Ambassel65.wav,Ambassel
110,Ambassel66.wav,Ambassel
111,Ambassel67.wav,Ambassel
112,Ambassel68.wav,Ambassel
113,Ambassel69.wav,Ambassel
114,Ambassel7.wav,Ambassel
115,Ambassel70.wav,Ambassel
116,Ambassel71.wav,Ambassel
117,Ambassel72.wav,Ambassel
118,Ambassel73.wav,Ambassel
119,Ambassel74.wav,Ambassel
120,Ambassel75.wav,Ambassel
121,Ambassel76.wav,Ambassel
122,Ambassel77.wav,Ambassel
123,Ambassel78.wav,Ambassel
124,Ambassel79.wav,Ambassel
125,Ambassel8.wav,Ambassel
126,Ambassel80.wav,Ambassel
127,Ambassel81.wav,Ambassel
128,Ambassel82.wav,Ambassel
129,Ambassel83.wav,Ambassel
130,Ambassel84.wav,Ambassel
131,Ambassel85.wav,Ambassel
132,Ambassel86.wav,Ambassel
133,Ambassel87.wav,Ambassel
134,Ambassel88.wav,Ambassel
135,Ambassel89.wav,Ambassel
136,Ambassel9.wav,Ambassel
137,Ambassel90.wav,Ambassel
138,Ambassel91.wav,Ambassel
139,Ambassel92.wav,Ambassel
140,Ambassel93.wav,Ambassel
141,Ambassel94.wav,Ambassel
142,Ambassel95.wav,Ambassel
143,Ambassel96.wav,Ambassel
144,Ambassel97.wav,Ambassel
145,Ambassel98.wav,Ambassel
146,Ambassel99.wav,Ambassel
147,Anchihoye1.wav,Anchihoye
148,Anchihoye10.wav,Anchihoye
149,Anchihoye100.wav,Anchihoye
150,Anchihoye101.wav,Anchihoye
151,Anchihoye102.wav,Anchihoye
152,Anchihoye103.wav,Anchihoye
153,Anchihoye104.wav,Anchihoye
154,Anchihoye105.wav,Anchihoye
155,Anchihoye106.wav,Anchihoye
156,Anchihoye107.wav,Anchihoye
157,Anchihoye108.wav,Anchihoye
158,Anchihoye109.wav,Anchihoye
159,Anchihoye11.wav,Anchihoye
160,Anchihoye110.wav,Anchihoye
161,Anchihoye111.wav,Anchihoye
162,Anchihoye112.wav,Anchihoye
163,Anchihoye113.wav,Anchihoye
164,Anchihoye114.wav,Anchihoye
165,Anchihoye115.wav,Anchihoye
166,Anchihoye116.wav,Anchihoye
167,Anchihoye117.wav,Anchihoye
168,Anchihoye118.wav,Anchihoye
169,Anchihoye119.wav,Anchihoye
170,Anchihoye12.wav,Anchihoye
171,Anchihoye120.wav,Anchihoye
172,Anchihoye121.wav,Anchihoye
173,Anchihoye122.wav,Anchihoye
174,Anchihoye123.wav,Anchihoye
175,Anchihoye124.wav,Anchihoye
176,Anchihoye125.wav,Anchihoye
177,Anchihoye126.wav,Anchihoye
178,Anchihoye127.wav,Anchihoye
179,Anchihoye128.wav,Anchihoye
180,Anchihoye129.wav,Anchihoye
181,Anchihoye13.wav,Anchihoye
182,Anchihoye130.wav,Anchihoye
183,Anchihoye131.wav,Anchihoye
184,Anchihoye132.wav,Anchihoye
185,Anchihoye133.wav,Anchihoye
186,Anchihoye134.wav,Anchihoye
187,Anchihoye135.wav,Anchihoye
188,Anchihoye136.wav,Anchihoye
189,Anchihoye137.wav,Anchihoye
190,Anchihoye138.wav,Anchihoye
191,Anchihoye139.wav,Anchihoye
192,Anchihoye14.wav,Anchihoye
193,Anchihoye140.wav,Anchihoye
194,Anchihoye141.wav,Anchihoye
195,Anchihoye142.wav,Anchihoye
196,Anchihoye143.wav,Anchihoye
197,Anchihoye144.wav,Anchihoye
198,Anchihoye145.wav,Anchihoye
199,Anchihoye146.wav,Anchihoye
200,Anchihoye147.wav,Anchihoye
201,Anchihoye15.wav,Anchihoye
202,Anchihoye16.wav,Anchihoye
203,Anchihoye17.wav,Anchihoye
204,Anchihoye18.wav,Anchihoye
205,Anchihoye19.wav,Anchihoye
206,Anchihoye2.wav,Anchihoye
207,Anchihoye20.wav,Anchihoye
208,Anchihoye21.wav,Anchihoye
209,Anchihoye22.wav,Anchihoye
210,Anchihoye23.wav,Anchihoye
211,Anchihoye24.wav,Anchihoye
212,Anchihoye25.wav,Anchihoye
213,Anchihoye26.wav,Anchihoye
214,Anchihoye27.wav,Anchihoye
215,Anchihoye28.wav,Anchihoye
216,Anchihoye29.wav,Anchihoye
217,Anchihoye3.wav,Anchihoye
218,Anchihoye30.wav,Anchihoye
219,Anchihoye31.wav,Anchihoye
220,Anchihoye32.wav,Anchihoye
221,Anchihoye33.wav,Anchihoye
222,Anchihoye34.wav,Anchihoye
223,Anchihoye35.wav,Anchihoye
224,Anchihoye36.wav,Anchihoye
225,Anchihoye37.wav,Anchihoye
226,Anchihoye38.wav,Anchihoye
227,Anchihoye39.wav,Anchihoye
228,Anchihoye4.wav,Anchihoye
229,Anchihoye40.wav,Anchihoye
230,Anchihoye41.wav,Anchihoye
231,Anchihoye42.wav,Anchihoye
232,Anchihoye43.wav,Anchihoye
233,Anchihoye44.wav,Anchihoye
234,Anchihoye45.wav,Anchihoye
235,Anchihoye46.wav,Anchihoye
236,Anchihoye47.wav,Anchihoye
237,Anchihoye48.wav,Anchihoye
238,Anchihoye49.wav,Anchihoye
239,Anchihoye5.wav,Anchihoye
240,Anchihoye50.wav,Anchihoye
241,Anchihoye51.wav,Anchihoye
242,Anchihoye52.wav,Anchihoye
243,Anchihoye53.wav,Anchihoye
244,Anchihoye54.wav,Anchihoye
245,Anchihoye55.wav,Anchihoye
246,Anchihoye56.wav,Anchihoye
247,Anchihoye57.wav,Anchihoye
248,Anchihoye58.wav,Anchihoye
249,Anchihoye59.wav,Anchihoye
250,Anchihoye6.wav,Anchihoye
251,Anchihoye60.wav,Anchihoye
252,Anchihoye61.wav,Anchihoye
253,Anchihoye62.wav,Anchihoye
254,Anchihoye63.wav,Anchihoye
255,Anchihoye64.wav,Anchihoye
256,Anchihoye65.wav,Anchihoye
257,Anchihoye66.wav,Anchihoye
258,Anchihoye67.wav,Anchihoye
259,Anchihoye68.wav,Anchihoye
260,Anchihoye69.wav,Anchihoye
261,Anchihoye7.wav,Anchihoye
262,Anchihoye70.wav,Anchihoye
263,Anchihoye71.wav,Anchihoye
264,Anchihoye72.wav,Anchihoye
265,Anchihoye73.wav,Anchihoye
266,Anchihoye74.wav,Anchihoye
267,Anchihoye75.wav,Anchihoye
268,Anchihoye76.wav,Anchihoye
269,Anchihoye77.wav,Anchihoye
270,Anchihoye78.wav,Anchihoye
271,Anchihoye79.wav,Anchihoye
272,Anchihoye8.wav,Anchihoye
273,Anchihoye80.wav,Anchihoye
274,Anchihoye81.wav,Anchihoye
275,Anchihoye82.wav,Anchihoye
276,Anchihoye83.wav,Anchihoye
277,Anchihoye84.wav,Anchihoye
278,Anchihoye85.wav,Anchihoye
279,Anchihoye86.wav,Anchihoye
280,Anchihoye87.wav,Anchihoye
281,Anchihoye88.wav,Anchihoye
282,Anchihoye89.wav,Anchihoye
283,Anchihoye9.wav,Anchihoye
284,Anchihoye90.wav,Anchihoye
285,Anchihoye91.wav,Anchihoye
286,Anchihoye92.wav,Anchihoye
287,Anchihoye93.wav,Anchihoye
288,Anchihoye94.wav,Anchihoye
289,Anchihoye95.wav,Anchihoye
290,Anchihoye96.wav,Anchihoye
291,Anchihoye97.wav,Anchihoye
292,Anchihoye98.wav,Anchihoye
293,Anchihoye99.wav,Anchihoye
294,Bati1.wav,Bati
295,Bati10.wav,Bati
296,Bati100.wav,Bati
297,Bati101.wav,Bati
298,Bati102.wav,Bati
299,Bati103.wav,Bati
300,Bati104.wav,Bati
301,Bati105.wav,Bati
302,Bati106.wav,Bati
303,Bati107.wav,Bati
304,Bati108.wav,Bati
305,Bati109.wav,Bati
306,Bati11.wav,Bati
307,Bati110.wav,Bati
308,Bati111.wav,Bati
309,Bati112.wav,Bati
310,Bati113.wav,Bati
311,Bati114.wav,Bati
312,Bati115.wav,Bati
313,Bati116.wav,Bati
314,Bati117.wav,Bati
315,Bati118.wav,Bati
316,Bati119.wav,Bati
317,Bati12.wav,Bati
318,Bati120.wav,Bati
319,Bati121.wav,Bati
320,Bati122.wav,Bati
321,Bati123.wav,Bati
322,Bati124.wav,Bati
323,Bati125.wav,Bati
324,Bati126.wav,Bati
325,Bati127.wav,Bati
326,Bati128.wav,Bati
327,Bati129.wav,Bati
328,Bati13.wav,Bati
329,Bati130.wav,Bati
330,Bati131.wav,Bati
331,Bati132.wav,Bati
332,Bati133.wav,Bati
333,Bati134.wav,Bati
334,Bati135.wav,Bati
335,Bati136.wav,Bati
336,Bati137.wav,Bati
337,Bati138.wav,Bati
338,Bati139.wav,Bati
339,Bati14.wav,Bati
340,Bati140.wav,Bati
341,Bati141.wav,Bati
342,Bati142.wav,Bati
343,Bati143.wav,Bati
344,Bati144.wav,Bati
345,Bati15.wav,Bati
346,Bati16.wav,Bati
347,Bati17.wav,Bati
348,Bati18.wav,Bati
349,Bati19.wav,Bati
350,Bati2.wav,Bati
351,Bati20.wav,Bati
352,Bati21.wav,Bati
353,Bati22.wav,Bati
354,Bati23.wav,Bati
355,Bati24.wav,Bati
356,Bati25.wav,Bati
357,Bati26.wav,Bati
358,Bati27.wav,Bati
359,Bati28.wav,Bati
360,Bati29.wav,Bati
361,Bati3.wav,Bati
362,Bati30.wav,Bati
363,Bati31.wav,Bati
364,Bati32.wav,Bati
365,Bati33.wav,Bati
366,Bati34.wav,Bati
367,Bati35.wav,Bati
368,Bati36.wav,Bati
369,Bati37.wav,Bati
370,Bati38.wav,Bati
371,Bati39.wav,Bati
372,Bati4.wav,Bati
373,Bati40.wav,Bati
374,Bati41.wav,Bati
375,Bati42.wav,Bati
376,Bati43.wav,Bati
377,Bati44.wav,Bati
378,Bati45.wav,Bati
379,Bati46.wav,Bati
380,Bati47.wav,Bati
381,Bati48.wav,Bati
382,Bati49.wav,Bati
383,Bati5.wav,Bati
384,Bati50.wav,Bati
385,Bati51.wav,Bati
386,Bati52.wav,Bati
387,Bati53.wav,Bati
388,Bati54.wav,Bati
389,Bati55.wav,Bati
390,Bati56.wav,Bati
391,Bati57.wav,Bati
392,Bati58.wav,Bati
393,Bati59.wav,Bati
394,Bati6.wav,Bati
395,Bati60.wav,Bati
396,Bati61.wav,Bati
397,Bati62.wav,Bati
398,Bati63.wav,Bati
399,Bati64.wav,Bati
400,Bati65.wav,Bati
401,Bati66.wav,Bati
402,Bati67.wav,Bati
403,Bati68.wav,Bati
404,Bati69.wav,Bati
405,Bati7.wav,Bati
406,Bati70.wav,Bati
407,Bati71.wav,Bati
408,Bati72.wav,Bati
409,Bati73.wav,Bati
410,Bati74.wav,Bati
411,Bati75.wav,Bati
412,Bati76.wav,Bati
413,Bati77.wav,Bati
414,Bati78.wav,Bati
415,Bati79.wav,Bati
416,Bati8.wav,Bati
417,Bati80.wav,Bati
418,Bati81.wav,Bati
419,Bati82.wav,Bati
420,Bati83.wav,Bati
421,Bati84.wav,Bati
422,Bati85.wav,Bati
423,Bati86.wav,Bati
424,Bati87.wav,Bati
425,Bati88.wav,Bati
426,Bati89.wav,Bati
427,Bati9.wav,Bati
428,Bati90.wav,Bati
429,Bati91.wav,Bati
430,Bati92.wav,Bati
431,Bati93.wav,Bati
432,Bati94.wav,Bati
433,Bati95.wav,Bati
434,Bati96.wav,Bati
435,Bati97.wav,Bati
436,Bati98.wav,Bati
437,Bati99.wav,Bati
438,Tizita1.wav,Tizita
439,Tizita10.wav,Tizita
440,Tizita100.wav,Tizita
441,Tizita101.wav,Tizita
442,Tizita102.wav,Tizita
443,Tizita103.wav,Tizita
444,Tizita104.wav,Tizita
445,Tizita105.wav,Tizita
446,Tizita106.wav,Tizita
447,Tizita107.wav,Tizita
448,Tizita108.wav,Tizita
449,Tizita109.wav,Tizita
450,Tizita11.wav,Tizita
451,Tizita110.wav,Tizita
452,Tizita111.wav,Tizita
453,Tizita112.wav,Tizita
454,Tizita113.wav,Tizita
455,Tizita114.wav,Tizita
456,Tizita115.wav,Tizita
457,Tizita116.wav,Tizita
458,Tizita117.wav,Tizita
459,Tizita118.wav,Tizita
460,Tizita119.wav,Tizita
461,Tizita12.wav,Tizita
462,Tizita120.wav,Tizita
463,Tizita121.wav,Tizita
464,Tizita122.wav,Tizita
465,Tizita123.wav,Tizita
466,Tizita124.wav,Tizita
467,Tizita125.wav,Tizita
468,Tizita126.wav,Tizita
469,Tizita127.wav,Tizita
470,Tizita128.wav,Tizita
471,Tizita129.wav,Tizita
472,Tizita13.wav,Tizita
473,Tizita130.wav,Tizita
474,Tizita131.wav,Tizita
475,Tizita132.wav,Tizita
476,Tizita133.wav,Tizita
477,Tizita134.wav,Tizita
478,Tizita135.wav,Tizita
479,Tizita136.wav,Tizita
480,Tizita137.wav,Tizita
481,Tizita138.wav,Tizita
482,Tizita139.wav,Tizita
483,Tizita14.wav,Tizita
484,Tizita140.wav,Tizita
485,Tizita141.wav,Tizita
486,Tizita142.wav,Tizita
487,Tizita143.wav,Tizita
488,Tizita144.wav,Tizita
489,Tizita145.wav,Tizita
490,Tizita146.wav,Tizita
491,Tizita147.wav,Tizita
492,Tizita148.wav,Tizita
493,Tizita149.wav,Tizita
494,Tizita15.wav,Tizita
495,Tizita150.wav,Tizita
496,Tizita151.wav,Tizita
497,Tizita152.wav,Tizita
498,Tizita153.wav,Tizita
499,Tizita154.wav,Tizita
500,Tizita155.wav,Tizita
501,Tizita156.wav,Tizita
502,Tizita157.wav,Tizita
503,Tizita158.wav,Tizita
504,Tizita159.wav,Tizita
505,Tizita16.wav,Tizita
506,Tizita160.wav,Tizita
507,Tizita161.wav,Tizita
508,Tizita162.wav,Tizita
509,Tizita17.wav,Tizita
510,Tizita18.wav,Tizita
511,Tizita19.wav,Tizita
512,Tizita2.wav,Tizita
513,Tizita20.wav,Tizita
514,Tizita21.wav,Tizita
515,Tizita22.wav,Tizita
516,Tizita23.wav,Tizita
517,Tizita24.wav,Tizita
518,Tizita25.wav,Tizita
519,Tizita26.wav,Tizita
520,Tizita27.wav,Tizita
521,Tizita28.wav,Tizita
522,Tizita29.wav,Tizita
523,Tizita3.wav,Tizita
524,Tizita30.wav,Tizita
525,Tizita31.wav,Tizita
526,Tizita32.wav,Tizita
527,Tizita33.wav,Tizita
528,Tizita34.wav,Tizita
529,Tizita35.wav,Tizita
530,Tizita36.wav,Tizita
531,Tizita37.wav,Tizita
532,Tizita38.wav,Tizita
533,Tizita39.wav,Tizita
534,Tizita4.wav,Tizita
535,Tizita40.wav,Tizita
536,Tizita41.wav,Tizita
537,Tizita42.wav,Tizita
538,Tizita43.wav,Tizita
539,Tizita44.wav,Tizita
540,Tizita45.wav,Tizita
541,Tizita46.wav,Tizita
542,Tizita47.wav,Tizita
543,Tizita48.wav,Tizita
544,Tizita49.wav,Tizita
545,Tizita5.wav,Tizita
546,Tizita50.wav,Tizita
547,Tizita51.wav,Tizita
548,Tizita52.wav,Tizita
549,Tizita53.wav,Tizita
550,Tizita54.wav,Tizita
551,Tizita55.wav,Tizita
552,Tizita56.wav,Tizita
553,Tizita57.wav,Tizita
554,Tizita58.wav,Tizita
555,Tizita59.wav,Tizita
556,Tizita6.wav,Tizita
557,Tizita60.wav,Tizita
558,Tizita61.wav,Tizita
559,Tizita62.wav,Tizita
560,Tizita63.wav,Tizita
561,Tizita64.wav,Tizita
562,Tizita65.wav,Tizita
563,Tizita66.wav,Tizita
564,Tizita67.wav,Tizita
565,Tizita68.wav,Tizita
566,Tizita69.wav,Tizita
567,Tizita7.wav,Tizita
568,Tizita70.wav,Tizita
569,Tizita71.wav,Tizita
570,Tizita72.wav,Tizita
571,Tizita73.wav,Tizita
572,Tizita74.wav,Tizita
573,Tizita75.wav,Tizita
574,Tizita76.wav,Tizita
575,Tizita77.wav,Tizita
576,Tizita78.wav,Tizita
577,Tizita79.wav,Tizita
578,Tizita8.wav,Tizita
579,Tizita80.wav,Tizita
580,Tizita81.wav,Tizita
581,Tizita82.wav,Tizita
582,Tizita83.wav,Tizita
583,Tizita84.wav,Tizita
584,Tizita85.wav,Tizita
585,Tizita86.wav,Tizita
586,Tizita87.wav,Tizita
587,Tizita88.wav,Tizita
588,Tizita89.wav,Tizita
589,Tizita9.wav,Tizita
590,Tizita90.wav,Tizita
591,Tizita91.wav,Tizita
592,Tizita92.wav,Tizita
593,Tizita93.wav,Tizita
594,Tizita94.wav,Tizita
595,Tizita95.wav,Tizita
596,Tizita96.wav,Tizita
597,Tizita97.wav,Tizita
598,Tizita98.wav,Tizita
599,Tizita99.wav,Tizita
